Designator,Val,Package,Mid X,Mid Y,Rotation,Layer
"C1","1u","C_1206_3216Metric_Pad1.42x1.75mm_HandSolder",-162.250000,-79.950000,90.000000,bottom
"C2","0.1u","C_1206_3216Metric_Pad1.42x1.75mm_HandSolder",-136.200000,-86.600000,270.000000,bottom
"C3","0.1u","C_1206_3216Metric_Pad1.42x1.75mm_HandSolder",-153.300000,-95.550000,270.000000,bottom
"C4","0.1u","C_1206_3216Metric_Pad1.42x1.75mm_HandSolder",-149.187500,-73.850000,180.000000,bottom
"C5","10u","C_1206_3216Metric_Pad1.42x1.75mm_HandSolder",-154.900000,-76.200000,270.000000,bottom
"C6","22p","C_1206_3216Metric_Pad1.42x1.75mm_HandSolder",-137.312500,-95.593750,270.000000,bottom
"C7","22p","C_1206_3216Metric_Pad1.42x1.75mm_HandSolder",-148.000000,-95.593750,90.000000,bottom
"C8","0.1u","C_1206_3216Metric_Pad1.42x1.75mm_HandSolder",-134.337500,-73.800000,180.000000,bottom
"D1","D","D_SOD-323_HandSoldering",-41.562500,-33.250000,90.000000,bottom
"D2","D","D_SOD-323_HandSoldering",-60.562500,-33.250000,90.000000,bottom
"D3","D","D_SOD-323_HandSoldering",-79.562500,-33.250000,90.000000,bottom
"D4","D","D_SOD-323_HandSoldering",-98.562500,-33.250000,90.000000,bottom
"D5","D","D_SOD-323_HandSoldering",-117.562500,-33.250000,90.000000,bottom
"D6","D","D_SOD-323_HandSoldering",-136.562500,-33.250000,90.000000,bottom
"D7","D","D_SOD-323_HandSoldering",-138.937500,-33.250000,90.000000,bottom
"D8","D","D_SOD-323_HandSoldering",-174.562500,-33.250000,90.000000,bottom
"D9","D","D_SOD-323_HandSoldering",-193.562500,-33.250000,90.000000,bottom
"D10","D","D_SOD-323_HandSoldering",-212.562500,-33.250000,90.000000,bottom
"D11","D","D_SOD-323_HandSoldering",-231.562500,-33.250000,90.000000,bottom
"D12","D","D_SOD-323_HandSoldering",-250.562500,-33.250000,90.000000,bottom
"D13","D","D_SOD-323_HandSoldering",-269.562500,-33.250000,90.000000,bottom
"D14","D","D_SOD-323_HandSoldering",-43.937500,-52.250000,90.000000,bottom
"D15","D","D_SOD-323_HandSoldering",-65.312500,-52.250000,90.000000,bottom
"D16","D","D_SOD-323_HandSoldering",-84.312500,-52.250000,90.000000,bottom
"D17","D","D_SOD-323_HandSoldering",-103.312500,-52.250000,90.000000,bottom
"D18","D","D_SOD-323_HandSoldering",-122.312500,-52.250000,90.000000,bottom
"D19","D","D_SOD-323_HandSoldering",-141.312500,-52.250000,90.000000,bottom
"D20","D","D_SOD-323_HandSoldering",-143.687500,-52.250000,90.000000,bottom
"D21","D","D_SOD-323_HandSoldering",-179.312500,-52.250000,90.000000,bottom
"D22","D","D_SOD-323_HandSoldering",-198.312500,-52.250000,90.000000,bottom
"D23","D","D_SOD-323_HandSoldering",-217.312500,-52.250000,90.000000,bottom
"D24","D","D_SOD-323_HandSoldering",-236.312500,-52.250000,90.000000,bottom
"D25","D","D_SOD-323_HandSoldering",-262.437500,-52.250000,90.000000,bottom
"D26","D","D_SOD-323_HandSoldering",-48.687500,-71.250000,90.000000,bottom
"D27","D","D_SOD-323_HandSoldering",-74.812500,-71.250000,90.000000,bottom
"D28","D","D_SOD-323_HandSoldering",-93.812500,-71.250000,90.000000,bottom
"D29","D","D_SOD-323_HandSoldering",-112.812500,-71.250000,90.000000,bottom
"D30","D","D_SOD-323_HandSoldering",-131.812500,-70.062500,90.000000,bottom
"D31","D","D_SOD-323_HandSoldering",-134.187500,-70.062500,90.000000,bottom
"D32","D","D_SOD-323_HandSoldering",-169.812500,-71.250000,90.000000,bottom
"D33","D","D_SOD-323_HandSoldering",-188.812500,-71.250000,90.000000,bottom
"D34","D","D_SOD-323_HandSoldering",-207.812500,-71.250000,90.000000,bottom
"D35","D","D_SOD-323_HandSoldering",-226.812500,-71.250000,90.000000,bottom
"D36","D","D_SOD-323_HandSoldering",-245.812500,-71.250000,90.000000,bottom
"D37","D","D_SOD-323_HandSoldering",-267.187500,-71.250000,90.000000,bottom
"D38","D","D_SOD-323_HandSoldering",-46.312500,-90.250000,90.000000,bottom
"D39","D","D_SOD-323_HandSoldering",-65.312500,-90.250000,90.000000,bottom
"D40","D","D_SOD-323_HandSoldering",-93.218750,-90.250000,90.000000,bottom
"D41","D","D_SOD-323_HandSoldering",-110.437500,-90.250000,90.000000,bottom
"D42","D","D_SOD-323_HandSoldering",-113.406250,-90.250000,90.000000,bottom
"D43","D","D_SOD-323_HandSoldering",-176.937500,-90.250000,90.000000,bottom
"D44","D","D_SOD-323_HandSoldering",-200.687500,-90.250000,90.000000,bottom
"D45","D","D_SOD-323_HandSoldering",-224.437500,-90.250000,90.000000,bottom
"D46","D","D_SOD-323_HandSoldering",-245.812500,-90.250000,90.000000,bottom
"D47","D","D_SOD-323_HandSoldering",-267.187500,-90.250000,90.000000,bottom
"F1","500m","Fuse_1206_3216Metric_Pad1.42x1.75mm_HandSolder",-159.000000,-36.000000,90.000000,bottom
"R1","10k","R_1206_3216Metric_Pad1.42x1.75mm_HandSolder",-128.712500,-74.650000,180.000000,bottom
"R2","22","R_1206_3216Metric_Pad1.42x1.75mm_HandSolder",-150.895250,-70.062500,90.000000,bottom
"R3","22","R_1206_3216Metric_Pad1.42x1.75mm_HandSolder",-153.781250,-70.062500,90.000000,bottom
"R4","10k","R_1206_3216Metric_Pad1.42x1.75mm_HandSolder",-164.000000,-95.750000,270.000000,bottom
"R5","5.1k","R_1206_3216Metric_Pad1.42x1.75mm_HandSolder",-164.000000,-27.050000,180.000000,bottom
"R6","5.1k","R_1206_3216Metric_Pad1.42x1.75mm_HandSolder",-150.400000,-33.350000,270.000000,bottom
"SW1","RESET","SKQG-1155865",-171.550000,-96.100000,0.000000,bottom
"U1","ATmega32U4-AU","TQFP-44_10x10mm_P0.8mm",-144.500000,-81.900000,180.000000,bottom
"U2","PRTR5V0U2X","SOT143B",-156.750000,-30.862500,0.000000,bottom
"USB1","HRO-TYPE-C-31-M-12","HRO-TYPE-C-31-M-12-HandSoldering",-156.750000,-17.812500,0.000000,bottom
"X1","XTAL","Crystal_SMD_3225-4Pin_3.2x2.5mm_HandSoldering",-142.656250,-95.593750,0.000000,bottom
