Comment,Designator,Footprint,LCSC
"1u","C1","Capacitor_SMD:C_1206_3216Metric_Pad1.42x1.75mm_HandSolder","C1848"
"10u","C5","Capacitor_SMD:C_1206_3216Metric_Pad1.42x1.75mm_HandSolder","C13585"
"22p","C6,C7","Capacitor_SMD:C_1206_3216Metric_Pad1.42x1.75mm_HandSolder","C313096"
"0.1u","C8,C4,C2,C3","Capacitor_SMD:C_1206_3216Metric_Pad1.42x1.75mm_HandSolder","C24497"
"D","D2,D4,D3,D8,D7,D6,D5,D12,D11,D9,D13,D17,D16,D15,D21,D14,D20,D25,D23,D22,D19,D18,D24,D29,D28,D27,D33,D26,D32,D37,D35,D34,D31,D30,D36,D41,D40,D39,D38,D43,D47,D45,D44,D42,D46,D1,D10","Diode_SMD:D_SOD-323_HandSoldering","C84063"
"500m","F1","Fuse:Fuse_1206_3216Metric_Pad1.42x1.75mm_HandSolder","C151162"
"22","R3,R2","Resistor_SMD:R_1206_3216Metric_Pad1.42x1.75mm_HandSolder","C17958"
"10k","R4,R1","Resistor_SMD:R_1206_3216Metric_Pad1.42x1.75mm_HandSolder","C17902"
"5.1k","R5,R6","Resistor_SMD:R_1206_3216Metric_Pad1.42x1.75mm_HandSolder","C26033"
"RESET","SW1","random-keyboard-parts:SKQG-1155865","C318884""ATmega32U4-AU","U1","Package_QFP:TQFP-44_10x10mm_P0.8mm","C44854"
"PRTR5V0U2X","U2","random-keyboard-parts:SOT143B","C78442"
"XTAL","X1","Crystal:Crystal_SMD_3225-4Pin_3.2x2.5mm_HandSoldering","C13738"